{
    "trees": [
      {
        "name": "Körtefa",
        "image": "../images/kortefa.jpg",
        "description": "Édes gyümölcsöt terem, tavasztól őszig díszít.",
        "price": "4500 Ft"
      },
      {
        "name": "Almafa",
        "image": "../images/almafa.jpg",
        "description": "Rozsdás almafajta, kiválóan tűri a hideget.",
        "price": "5000 Ft"
      },
      {
        "name": "Cseresznyefa",
        "image": "../images/cseresznyefa.jpg",
        "description": "Korai érésű, bőtermő fajta.",
        "price": "5500 Ft"
      },
      {
        "name": "Őszibarackfa",
        "image": "../images/oszibarackfa.jpg",
        "description": "Napsütötte, édes gyümölcsök, zamatos íz.",
        "price": "4800 Ft"
      },
      {
        "name": "Szilvafa",
        "image": "../images/szilvafa.jpg",
        "description": "Késői fajta, gazdag termés, magas cukortartalom.",
        "price": "5300 Ft"
      },
      {
        "name": "Mandulafa",
        "image": "../images/mandulafa.jpg",
        "description": "Díszes virágzat, finom magvak, mediterrán hangulat.",
        "price": "6000 Ft"
      },
      {
        "name": "Diófa",
        "image": "../images/diofa.jpg",
        "description": "Robusztus fa, értékes termés, hosszú élettartam.",
        "price": "7000 Ft"
      },
      {
        "name": "Mogyoró",
        "image": "../images/mogyoro.jpg",
        "description": "Bokros növekedés, ízletes termés, árnyéktűrő.",
        "price": "3500 Ft"
      },
      {
        "name": "Gesztenyefa",
        "image": "../images/gesztenyefa.jpg",
        "description": "Hatalmas lombkorona, édes gesztenye, őszi gyöngyszem.",
        "price": "6500 Ft"
      },
      {
        "name": "Fenyőfa",
        "image": "../images/fenyofa.jpg",
        "description": "Örökzöld szépség, karácsonyi hangulat, friss illat.",
        "price": "7500 Ft"
      },
      {
        "name": "Tölgyfa",
        "image": "../images/tolgyfa.jpg",
        "description": "Impozáns megjelenés, masszív faanyag, hosszú élet.",
        "price": "8000 Ft"
      },
      {
        "name": "Juharfa",
        "image": "../images/juharfa.jpg",
        "description": "Gyors növekedés, ősszel látványos színek, méztermelők kedvence.",
        "price": "4600 Ft"
      }
    ],
    "flowers": [
      {
        "name": "Rózsa",
        "image": "../images/rozsa.jpg",
        "description": "Illatos, több színben pompázó klasszikus.",
        "price": "1500 Ft"
      },
      {
        "name": "Tulipán",
        "image": "../images/tulipan.jpg",
        "description": "A tavasz első hírnökei, változatos színekben.",
        "price": "1200 Ft"
      },
      {
        "name": "Levendula",
        "image": "../images/levendula.jpg",
        "description": "Méhek kedvence, nyugtató illatú.",
        "price": "1800 Ft"
      },
      {
        "name": "Napraforgó",
        "image": "../images/napraforgo.jpg",
        "description": "Napfényt szerető, magas növésű, vidám virág.",
        "price": "900 Ft"
      },
      {
        "name": "Irisz",
        "image": "../images/irisz.jpg",
        "description": "Elegáns forma, különleges színkombinációk.",
        "price": "1600 Ft"
      },
      {
        "name": "Liliom",
        "image": "../images/liliom.jpg",
        "description": "Méltóságteljes megjelenés, intenzív illat.",
        "price": "2000 Ft"
      },
      {
        "name": "Páfrány",
        "image": "../images/pafrany.jpg",
        "description": "Ősi növény, páratartást kedvelő, árnyékos helyre való.",
        "price": "1300 Ft"
      },
      {
        "name": "Orchidea",
        "image": "../images/orchidea.jpg",
        "description": "Egzotikus szépség, elegancia és finomság jellemzi.",
        "price": "2500 Ft"
      }
    ]
  }
  